snapshot_title;snapshot_url;snapshot_status;proposal_title;forum_title;forum_url;proposal_id;manual_forum_url;manual_proposal_id;manual_proposal_title;
AIP-1: Arbitrum Improvement Proposal Framework;https://snapshot.box/#/s:arbitrumfoundation.eth/proposal/0x3be7368a662d1cf12fa4da768d626edbc013be0dc7b994fef2e24d9a54e4033a;closed;AIP-1: Arbitrum Improvement Proposal Framework;AIP-1: Arbitrum Improvement Proposal Framework;https://forum.arbitrum.foundation/t/aip-1-arbitrum-improvement-proposal-framework/30;a6cad78d-173d-4bc0-bc48-6dc947ddeb3a;;;;
Proposal: Activate support for account abstraction endpoint on One and Nova;https://snapshot.box/#/s:arbitrumfoundation.eth/proposal/0xb0156cfc112bbe4275b0a1d6cacc3970affdad6057047b8cee79ba54d45446aa;closed;AIP-2: Activate support for account abstraction endpoint on One and Nova;AIP-2: Activate support for account abstraction endpoint on One and Nova;https://forum.arbitrum.foundation/t/aip-2-activate-support-for-account-abstraction-endpoint-on-one-and-nova/14790;92122494-8acf-4be9-9ab7-8799ea1bcb80;;;;
[Non-Constitutional] Fund the Arbitrum Grants Framework Proposal Milestone 1;https://snapshot.box/#/s:arbitrumfoundation.eth/proposal/0xa0e14b85197d73e825ac30f72b7d895d644ed06159a32a578f4efe47a2739b2f;closed;AIP - 3 [Non-Constitutional] Fund the Arbitrum Grants Framework Proposal Milestone 1;AIP - 3 [Non-Constitutional] Fund the Arbitrum Grants Framework Proposal Milestone 1;https://forum.arbitrum.foundation/t/aip-3-non-constitutional-fund-the-arbitrum-grants-framework-proposal-milestone-1/14976;30085a33-37f1-4048-a8f5-9caf88ec6f0a;;;;
AIP: Activate Stylus and Enable Next-Gen WebAssembly Smart Contracts (ArbOS 30);https://snapshot.box/#/s:arbitrumfoundation.eth/proposal/0x330ed0f609da63cf4b67b932ab0665a76e1c7d6a7789f3383339bad79c789d2b;closed;AIP: Activate Stylus and Enable Next-Gen WebAssembly Smart Contracts (ArbOS 30);AIP: Activate Stylus and Enable Next-Gen WebAssembly Smart Contracts (ArbOS 30);https://forum.arbitrum.foundation/t/aip-activate-stylus-and-enable-next-gen-webassembly-smart-contracts-arbos-30/22970;066f5491-e3e6-49d3-ab03-ddccb7644d16;;;;
AIP: ArbOS Version 11;https://snapshot.box/#/s:arbitrumfoundation.eth/proposal/0xa635e39a2c527f7a1eabf5ea22bdec6f4a265d6c69a06076e65fde0ae0a5941b;closed;AIP: ArbOS Version 11;AIP: ArbOS Version 11;https://forum.arbitrum.foundation/t/aip-arbos-version-11/19696;e6a8f6cc-29b7-4e7a-950d-5ba9e04ee929;;;;
AIP: ArbOS Version 20 “Atlas”;https://snapshot.box/#/s:arbitrumfoundation.eth/proposal/0x813a366e287a872ada13d4f8348e771c7aa2d8c3cb00b2be31539ceab5627513;closed;"AIP: ArbOS Version 20 &ldquo;Atlas&rdquo;";"AIP: ArbOS Version 20 &ldquo;Atlas&rdquo;";https://forum.arbitrum.foundation/t/aip-arbos-version-20-atlas/20957;8b760c14-6f2b-4069-b326-23653e5c20f9;;;;
AIP: Batch Poster Manager and Sequencer Inbox Finality Fix;https://snapshot.box/#/s:arbitrumfoundation.eth/proposal/0xbecc45a6beb55a708e25195f34db2f5ff757e0da5ff55171ca731b39428e27c3;closed;AIP: Batch Poster Manager and Sequencer Inbox Finality Fix;AIP: Batch Poster Manager and Sequencer Inbox Finality Fix;https://forum.arbitrum.foundation/t/aip-batch-poster-manager-and-sequencer-inbox-finality-fix/20995;48d6515f-d057-4ba1-bb33-e3ec472acd07;;;;
AIP: BoLD - permissionless validation for Arbitrum;https://snapshot.box/#/s:arbitrumfoundation.eth/proposal/0x98a2b1eebda641b31d7d22a60708840ec7899157e00a4028f2e9f3030ddaf7a8;closed;AIP: BOLD - permissionless validation for Arbitrum;AIP: BOLD - permissionless validation for Arbitrum;https://forum.arbitrum.foundation/t/aip-bold-permissionless-validation-for-arbitrum/23232;232201b8-fc63-4d1b-8d87-ca3eb3f2f1dd;;;;
AIP: Funds to bootstrap the first BoLD validator - Bond sentiment.;https://snapshot.box/#/s:arbitrumfoundation.eth/proposal/0x81cc53932edd0891c8f93a502a1ea929ba1ef1ebf76701663c52d5167b323a6d;closed;AIP: Funds to bootstrap the first BoLD validator;AIP: Funds to bootstrap the first BoLD validator;https://forum.arbitrum.foundation/t/aip-funds-to-bootstrap-the-first-bold-validator/24506;eff1623b-487a-4832-8e6e-0a84c3520fca;;;;
AIP: Nova Fee Router Proposal (ArbOS 30);https://snapshot.box/#/s:arbitrumfoundation.eth/proposal/0x4ad37b12ffe5c334e0c19113ac54222983e18d36a255fbde60e483592f35fc65;closed;AIP: Nova Fee Router Proposal (ArbOS 30);AIP: Nova Fee Router Proposal (ArbOS 30);https://forum.arbitrum.foundation/t/aip-nova-fee-router-proposal-arbos-30/23310;5d7ceb2e-6ee9-4091-9604-48714389e3e8;;;;
AIP: Raise the gas target, min L2 base fee, & implement improvements to the pricing algorithm;https://snapshot.box/#/s:arbitrumfoundation.eth/proposal/0x4a96a91d162975de0d402b83ca8b8a24e808ca357150120fc0d44ae0bf1cc4a5;closed;"AIP: Raise the gas target, min L2 base fee, &amp; implement improvements to the pricing algorithm";"AIP: Raise the gas target, min L2 base fee, &amp; implement improvements to the pricing algorithm";https://forum.arbitrum.foundation/t/aip-raise-the-gas-target-min-l2-base-fee-implement-improvements-to-the-pricing-algorithm/30182;0145ff08-0c72-44bc-b717-56093dbac7df;;;;
AIP: Support RIP-7212 for Account Abstraction Wallets (ArbOS 30);https://snapshot.box/#/s:arbitrumfoundation.eth/proposal/0x2f73825f375d59a5d3c8b05074e17140a4967e6ccb6fe20a58f836f865fcaae5;closed;AIP: Support RIP-7212 for Account Abstraction Wallets (ArbOS 30);AIP: Support RIP-7212 for Account Abstraction Wallets (ArbOS 30);https://forum.arbitrum.foundation/t/aip-support-rip-7212-for-account-abstraction-wallets-arbos-30/23298;a4e35b4a-4432-47c6-b2d9-e8a33eff1611;;;;
Approve the Nova Fee Sweep Action;https://snapshot.box/#/s:arbitrumfoundation.eth/proposal/0xbd77b4faf99e06c7b4117e5dafaf5bb8f873bcffbb5c9d414a7ff745b6849f3a;closed;AIP: Timeboost + Nova Fee Sweep;AIP: Timeboost + Nova Fee Sweep;https://forum.arbitrum.foundation/t/aip-timeboost-nova-fee-sweep/28247;619a77f3-ea95-43b4-82f2-68307dfd5b9b;;;;
[Non-Constitutional] Whitelist Infura Nova Validator;https://snapshot.box/#/s:arbitrumfoundation.eth/proposal/0xaa831b9306c3ec4f4a9b9731e7c445e540e5a24461a79f1166cb8dcdfa692d09;closed;AIP: Whitelist Infura Nova Validator;AIP: Whitelist Infura Nova Validator;https://forum.arbitrum.foundation/t/aip-whitelist-infura-nova-validator/25083;4c1d960e-1539-471e-907f-464558486d14;;;;
An EIP-4824 powered daoURI for Arbitrum DAO;https://snapshot.box/#/s:arbitrumfoundation.eth/proposal/0x7232f2c1d1da127cb65ee6036fc52ed6fc02540aaf6cf79a3045b6031e819a35;closed;An EIP-4824 powered daoURI for Arbitrum DAO;An EIP-4824 powered daoURI for Arbitrum DAO;https://forum.arbitrum.foundation/t/an-eip-4824-powered-daouri-for-arbitrum-dao/26386;cce01beb-b47e-4ce5-97e8-1f70fe8928b8;;;;
An (EIP-4824 powered) daoURI for the Arbitrum DAO;https://snapshot.box/#/s:arbitrumfoundation.eth/proposal/0x04971448620419df86ea930d3f4ae75ad4fff2ebcaead84687a27475f00e24d5;closed;An EIP-4824 powered daoURI for Arbitrum DAO;An EIP-4824 powered daoURI for Arbitrum DAO;https://forum.arbitrum.foundation/t/an-eip-4824-powered-daouri-for-arbitrum-dao/26386;cce01beb-b47e-4ce5-97e8-1f70fe8928b8;;;;
Arbitrum Audit Program;https://snapshot.box/#/s:arbitrumfoundation.eth/proposal/0xebbcad364ae7f02797b9cd7f30c668907d479d4bb5ba7f5d775849822297a01d;closed;Arbitrum Audit Program;Arbitrum Audit Program;https://forum.arbitrum.foundation/t/arbitrum-audit-program/28368;147ba20a-f48c-4cee-84bc-d84caa3ebc6a;;;;
ArbitrumDAO Off-site;https://snapshot.box/#/s:arbitrumfoundation.eth/proposal/0x21a4ec3fd338fa4eb2230d0e6131d1411639d94cf1b27864c9a3c1c722568c08;closed;ArbitrumDAO Off-site - Directional proposal;ArbitrumDAO Off-site - Directional proposal;https://forum.arbitrum.foundation/t/arbitrumdao-off-site-directional-proposal/25660;ac4e5a30-4d14-46f5-afb7-e8cbde8fa455;;;;
Arbitrum Growth Circles Event Proposal;https://snapshot.box/#/s:arbitrumfoundation.eth/proposal/0xab1a7ff1a294882315f3beaa77fa0d4b2ec68633792046b941714108209ce737;closed;Arbitrum Growth Circles Event Proposal;Arbitrum Growth Circles Event Proposal;https://forum.arbitrum.foundation/t/arbitrum-growth-circles-event-proposal/28375;e2926f74-c861-4f23-8705-01e5651f9b80;;;;
Arbitrum Multi-sig Support Service (MSS);https://snapshot.box/#/s:arbitrumfoundation.eth/proposal/0x3d5ffb8e23b5f22f495f6460ef5ee8771efe5da5565dfa011917a78a2ec25916;closed;Arbitrum Multi-sig Support Service (MSS);;;872c8091-a086-4949-b21f-17bae80d5918;https://forum.arbitrum.foundation/t/rfc-arbitrum-multi-sig-support-service-mss/23737;6ded108a-d01e-45f5-b55a-ee3dd8267195;[RFC] Arbitrum Multi-sig Support Service (MSS);
Multisig Support Service (MSS) Elections;https://snapshot.box/#/s:arbitrumfoundation.eth/proposal/0x4f6f6c1ba11de1122d5d5b8b098999610920fdc9c61a5e775ea09fbb4bdffc1b;closed;Arbitrum Multi-sig Support Service (MSS);;;872c8091-a086-4949-b21f-17bae80d5918;https://forum.arbitrum.foundation/t/rfc-arbitrum-multi-sig-support-service-mss/23737;6ded108a-d01e-45f5-b55a-ee3dd8267195;[RFC] Arbitrum Multi-sig Support Service (MSS);
ArbitrumDAO Off-site;https://snapshot.box/#/s:arbitrumfoundation.eth/proposal/0x8f242363dbc69d640799b461b27ba7b957ab13af87389b699639ba335b8b5e91;closed;Arbitrum Offsite format: online vs IRL;Arbitrum Offsite format: online vs IRL;https://forum.arbitrum.foundation/t/arbitrum-offsite-format-online-vs-irl/26629;974b4b96-0f81-4e70-a624-01fc7c9cfa05;;;;
Arbitrum Research and Development Collective V2 - Extension;https://snapshot.box/#/s:arbitrumfoundation.eth/proposal/0x765b297702f21736e7b52c23d781dc76968519fef9c7b1ca1f924d167b2a6899;closed;Arbitrum Research and Development Collective V2 - Extension;Arbitrum Research and Development Collective V2 - Extension;https://forum.arbitrum.foundation/t/arbitrum-research-and-development-collective-v2-extension/29476;6c9caa8e-08a9-4493-8c54-aaea783cb1c0;;;;
Arbitrum Short-term incentive Program;https://snapshot.box/#/s:arbitrumfoundation.eth/proposal/0x5e0057920df9a278918e4de4ee1e6de7e2415d2af985e40a6c7a1a4b47a4ce01;closed;"Arbitrum&rsquo;s Short-Term Incentive Program (Arbitrum Improvement Proposal)";"Arbitrum&rsquo;s Short-Term Incentive Program (Arbitrum Improvement Proposal)";https://forum.arbitrum.foundation/t/arbitrums-short-term-incentive-program-arbitrum-improvement-proposal/16131;751dfaa5-48cf-43c5-bdbe-6ea0c3f559fa;;;;
Arbitrum Strategic Objective Setting (SOS) – Defining the DAO’s Interim Goals;https://snapshot.box/#/s:arbitrumfoundation.eth/proposal/0x6baef084d47cb0e0f5788449e0d6fafd6312a69f65b550d62d5b6772297b8695;closed;Arbitrum Strategic Objective Setting (SOS) – Defining the DAO’s Interim Goals;Arbitrum Strategic Objective Setting (SOS) – Defining the DAO’s Interim Goals;https://forum.arbitrum.foundation/t/arbitrum-strategic-objective-setting-sos-defining-the-dao-s-interim-goals/28102;c1cafe92-1805-4119-83db-a73e72f8af5d;;;;
Arbitrum Treasury Management Council - Consolidating Efforts;https://snapshot.box/#/s:arbitrumfoundation.eth/proposal/0xfab795313df4ef1023c5f7f9027857637cc3841d62dc0b54796fbfa5f8096919;closed;Arbitrum Treasury Management Council - Consolidating Efforts;Arbitrum Treasury Management Council - Consolidating Efforts;https://forum.arbitrum.foundation/t/arbitrum-treasury-management-council-consolidating-efforts/29334;bafb6034-dc01-4085-959c-66d659ed6cdd;;;;
[Temperature Check] Should we try a Delegate Incentive Program like the Arbitrum Triple Dip?;https://snapshot.box/#/s:arbitrumfoundation.eth/proposal/0xb9e775ba4f1fa8cdc8e45c342428c3dabff7f19ce7b8cc4bde7cc6c8e542d963;closed;Arbitrum Triple Dip (Delegate Incentive Program);Arbitrum Triple Dip (Delegate Incentive Program);https://forum.arbitrum.foundation/t/arbitrum-triple-dip-delegate-incentive-program/30054;3135e14f-c274-4b6b-aeb9-edf0ccbe5892;;;;
ARB Staking: Unlock ARB Utility and Align Governance;https://snapshot.box/#/s:arbitrumfoundation.eth/proposal/0xb581f3aed701ae889c1d79406acdf3d653e6eb4323cb5e46635f729e6313da4d;closed;ARB Staking: Unlock ARB Utility and Align Governance;ARB Staking: Unlock ARB Utility and Align Governance;https://forum.arbitrum.foundation/t/arb-staking-unlock-arb-utility-and-align-governance/25084;dde796ff-09e5-447d-a61d-cf487a51a70d;;;;
Audit Committee Technical Expert Elections;https://snapshot.box/#/s:arbitrumfoundation.eth/proposal/0x131574819442cb6da293795ee9faeec4754a5af664b535b654b3d9d3d53f47e1;closed;Audit Committee Technical Expert Elections;Audit Committee Technical Expert Elections;https://forum.arbitrum.foundation/t/audit-committee-technical-expert-elections/29474;c9da3d25-ffe8-4a83-bcf2-6a0dd5a2e8ed;;;;
[Non-Constitutional] Betting on Builders: Infinite Launchpad Proposal;https://snapshot.box/#/s:arbitrumfoundation.eth/proposal/0xb57f04ac3afb432ddbc7d4426f80bdca9191e56bee97cf5b7d9d55cd9fdf9752;closed;Betting on Builders: Infinite Launchpad Proposal;Betting on Builders: Infinite Launchpad Proposal;https://forum.arbitrum.foundation/t/betting-on-builders-infinite-launchpad-proposal/24665;f592a0b9-fb96-498f-b22f-4ef0642490df;;;;
Catalyze Arbitrum Gaming: HADOUKEN!;https://snapshot.box/#/s:arbitrumfoundation.eth/proposal/0x1a9f2097b0b5a0021628e9edb0e7c9bffae4fdbb104f9996463e40a3129c7718;closed;Catalyze Gaming Ecosystem Growth on Arbitrum;Catalyze Gaming Ecosystem Growth on Arbitrum;https://forum.arbitrum.foundation/t/catalyze-gaming-ecosystem-growth-on-arbitrum/22368;0d17e2e1-80b5-4f67-85f9-8d6190381641;;;;
Consolidate Idle USDC to the ATMC’s Stablecoin Balance;https://snapshot.box/#/s:arbitrumfoundation.eth/proposal/0x95a85f5d3d82215793ba9771ff06610d2ba9e2eaf58cdba904d7a9cb5b8bdc94;closed;Consolidate Idle USDC to the ATMC’s Stablecoin Balance;Consolidate Idle USDC to the ATMC’s Stablecoin Balance;https://forum.arbitrum.foundation/t/consolidate-idle-usdc-to-the-atmc-s-stablecoin-balance/29619;fef116df-1070-4cbe-8770-72e48933e1b5;;;;
[CONSTITUTIONAL] AIP: ArbOS Version 40 Callisto;https://snapshot.box/#/s:arbitrumfoundation.eth/proposal/0x7cc26491a070c74c1a4ec5a9892571d31eb690015936a35b52c0d3a97bd5497f;closed;[CONSTITUTIONAL] AIP: ArbOS Version 40 Callisto;[CONSTITUTIONAL] AIP: ArbOS Version 40 Callisto;https://forum.arbitrum.foundation/t/constitutional-aip-arbos-version-40-callisto/28436;e76ff9a8-79c4-416f-bfe1-28036640f84d;;;;
[CONSTITUTIONAL] AIP: ArbOS Version 50 Dia;https://snapshot.box/#/s:arbitrumfoundation.eth/proposal/0x33754da4006d0ef38666ec5d5e85fd0966a891a594ab9dc21f23beedea2d330b;closed;[CONSTITUTIONAL] AIP: ArbOS Version 50 Dia;[CONSTITUTIONAL] AIP: ArbOS Version 50 Dia;https://forum.arbitrum.foundation/t/constitutional-aip-arbos-version-50-dia/29835;a952f794-c52c-455c-9066-159fad3bd18c;;;;
[Constitutional] AIP: Constitutional Quorum Threshold Reduction;https://snapshot.box/#/s:arbitrumfoundation.eth/proposal/0x2d4089d72617eb137d6ee7ab9ae9efbe3cd1e0fcff48df24b926ce6259b734d3;closed;[Constitutional] AIP: Constitutional Quorum Threshold Reduction;[Constitutional] AIP: Constitutional Quorum Threshold Reduction;https://forum.arbitrum.foundation/t/constitutional-aip-constitutional-quorum-threshold-reduction/29145;e6fe1310-79cc-4203-ade0-9bbb99626fad;;;;
[Constitutional] AIP: Disable Legacy Tether Bridge;https://snapshot.box/#/s:arbitrumfoundation.eth/proposal/0xd5a66f784523841511f7ffec4171b9c14404fdbf7c205086312084d19c95c193;closed;[Constitutional] AIP: Disable Legacy Tether Bridge;[Constitutional] AIP: Disable Legacy Tether Bridge;https://forum.arbitrum.foundation/t/constitutional-aip-disable-legacy-tether-bridge/29503;fae810b1-485d-4e43-b724-34e2682a7fbc;;;;
[Constitutional] AIP: DVP Quorum;https://snapshot.box/#/s:arbitrumfoundation.eth/proposal/0xc5f06144fa92aaff99e0e44482ab6f7a3f6486dfb6c854d16271399ffcf895e6;closed;[Constitutional] AIP: DVP Quorum;[Constitutional] AIP: DVP Quorum;https://forum.arbitrum.foundation/t/constitutional-aip-dvp-quorum/30053;1ae6c807-cde1-4c8d-85aa-6230cddacfe8;;;;
Constitutional AIP: Proposal to adopt Timeboost, a new transaction ordering policy;https://snapshot.box/#/s:arbitrumfoundation.eth/proposal/0xffe9bb38228fdaf3d121140856fd2d51c2ca7f8e0d1021c07e791cebb541129a;closed;Constitutional AIP: Proposal to adopt Timeboost, a new transaction ordering policy;Constitutional AIP: Proposal to adopt Timeboost, a new transaction ordering policy;https://forum.arbitrum.foundation/t/constitutional-aip-proposal-to-adopt-timeboost-a-new-transaction-ordering-policy/25167;ff0ce443-ab64-4e38-bc93-7c438ecc9fba;;;;
[Constitutional] AIP: Remove Cost Cap on Arbitrum Nova;https://snapshot.box/#/s:arbitrumfoundation.eth/proposal/0xeb044e3bdeba71e74dea02abeab4c33fe4bf5ab9def50082863702d5e2112b93;closed;[Constitutional] AIP: Remove Cost Cap on Arbitrum Nova;[Constitutional] AIP: Remove Cost Cap on Arbitrum Nova;https://forum.arbitrum.foundation/t/constitutional-aip-remove-cost-cap-on-arbitrum-nova/29332;1647c07f-d868-4389-be1f-fd6ea307c6c1;;;;
Constitutional AIP - Security Council Improvement Proposal;https://snapshot.box/#/s:arbitrumfoundation.eth/proposal/0xc591f79422bf26faf13055df098142569785c04316fdae5be993e282721eb717;closed;Constitutional AIP - Security Council Improvement Proposal;Constitutional AIP - Security Council Improvement Proposal;https://forum.arbitrum.foundation/t/constitutional-aip-security-council-improvement-proposal/20541;ae6b72ed-9931-4f2e-9c94-164cf6885e68;;;;
[Constitutional] AIP: Update the Upgrade Executors;https://snapshot.box/#/s:arbitrumfoundation.eth/proposal/0xc08147e229fa642ee7da2e5180f225122b8c517024902f21cdcd02b376179b8d;closed;[Constitutional] AIP: Update the Upgrade Executors;[Constitutional] AIP: Update the Upgrade Executors;https://forum.arbitrum.foundation/t/constitutional-aip-update-the-upgrade-executors/29463;e0f1fa85-fc35-4365-ade9-992cd4fcf1ea;;;;
[Constitutional] Extend Delay on L2Time Lock;https://snapshot.box/#/s:arbitrumfoundation.eth/proposal/0x75d1aff7adb317bb629a334fba748fdd6ddac5ba1e64870b8abb4a12d6ed5a6f;closed;Constitutional - Extend Delay on L2Time Lock;Constitutional - Extend Delay on L2Time Lock;https://forum.arbitrum.foundation/t/constitutional-extend-delay-on-l2time-lock/26470;24a12298-df86-4c2c-b11e-a61e920ff0a2;;;;
[CONSTITUTIONAL] Proposal: For Arbitrum DAO to register the Sky Custom Gateway contracts in the Router;https://snapshot.box/#/s:arbitrumfoundation.eth/proposal/0xdb22a77942eddfea9c826790ac03c3e54a34716c0a9bde846399cffe6046d256;closed;[CONSTITUTIONAL] Proposal: For Arbitrum DAO to register the Sky Custom Gateway contracts in the Router;[CONSTITUTIONAL] Proposal: For Arbitrum DAO to register the Sky Custom Gateway contracts in the Router;https://forum.arbitrum.foundation/t/constitutional-proposal-for-arbitrum-dao-to-register-the-sky-custom-gateway-contracts-in-the-router/28617;780b8fd8-760b-4355-bef9-07dd8ea4cef4;;;;
[CONSTITUTIONAL] Register $BORING in the Arbitrum generic-custom gateway;https://snapshot.box/#/s:arbitrumfoundation.eth/proposal/0x586de5bf366820c4369c041b0bbad2254d78fafe1dcc1528c1ed661bb4dfb671;closed;[CONSTITUTIONAL] Register $BORING in the Arbitrum generic-custom gateway;[CONSTITUTIONAL] Register $BORING in the Arbitrum generic-custom gateway;https://forum.arbitrum.foundation/t/constitutional-register-boring-in-the-arbitrum-generic-custom-gateway/29206;ff68624b-58b6-469e-96fe-1394347efd7a;;;;
DeFi Renaissance Incentive Program (DRIP);https://snapshot.box/#/s:arbitrumfoundation.eth/proposal/0x0b62de171fbff7a81833f9ebb44b9747189264d7a2cf95e3446223b1c413d2b0;closed;DeFi Renaissance Incentive Program (DRIP);DeFi Renaissance Incentive Program (DRIP);https://forum.arbitrum.foundation/t/defi-renaissance-incentive-program-drip/29049;4b6eb958-04a4-4d84-a0d1-b25fd9993479;;;;
Arbitrum DAO Grants - Delegated Domain Allocation by Questbook;https://snapshot.box/#/s:arbitrumfoundation.eth/proposal/0xe07fb357b2b40e042ca58a36a1534afc33a1d313d4781ac433536bc884fc3c65;closed;Delegated Domain Allocation by Questbook - Arbitrum DAO Grants;Delegated Domain Allocation by Questbook - Arbitrum DAO Grants;https://forum.arbitrum.foundation/t/delegated-domain-allocation-by-questbook-arbitrum-dao-grants/14688;d304a4de-9f43-40fa-bf0e-7ee2834ec533;;;;
Delegate to Voter Enfranchisement Pool — Event Horizon;https://snapshot.box/#/s:arbitrumfoundation.eth/proposal/0x66fd48c246080260275e60e327b4d14d3ca202c6d13aba17e970c55536b44664;closed;Delegate to a public access, public good citizen enfranchisement pool through Event Horizon;Delegate to a public access, public good citizen enfranchisement pool through Event Horizon;https://forum.arbitrum.foundation/t/delegate-to-a-public-access-public-good-citizen-enfranchisement-pool-through-event-horizon/21523;beda9766-8af3-4f52-b79f-f28b54afcddf;;;;
[Replace Oversight Committee with MSS] Delegate to Voter Enfranchisement Pool — Event Horizon;https://snapshot.box/#/s:arbitrumfoundation.eth/proposal/0xc6cb49223880ff49077d74260c44845ed18c3a1825a9a3941af454106f700c50;closed;Delegate to Voter Enfranchisement Pool — Event Horizon;;;046f9a56-cae7-477d-bbc7-d31ea0b8bc34;https://forum.arbitrum.foundation/t/delegate-to-a-public-access-public-good-citizen-enfranchisement-pool-through-event-horizon/21523;beda9766-8af3-4f52-b79f-f28b54afcddf;Delegate to a public access, public good citizen enfranchisement pool through Event Horizon;
Designing and operating the reporting and information function;https://snapshot.box/#/s:arbitrumfoundation.eth/proposal/0x6f6ad0d74853f8d37a53bbb49c9747072b5e21d885391f5d2d4c41663dca516c;closed;Designing and Operating the Reporting and Information Function;Designing and Operating the Reporting and Information Function;https://forum.arbitrum.foundation/t/designing-and-operating-the-reporting-and-information-function/27609;ac9d16c9-9106-4a60-a6b8-301539519100;;;;
Double-Down on STIP Successes (STIP-Bridge);https://snapshot.box/#/s:arbitrumfoundation.eth/proposal/0x51df52b1596195d672c3120658b3d2aecee2a871f9c1a5ef7509298f98b9e825;closed;Double-Down on STIP Successes (STIP-Bridge);Double-Down on STIP Successes (STIP-Bridge);https://forum.arbitrum.foundation/t/double-down-on-stip-successes-stip-bridge/22353;9732d0be-5d79-4438-aca5-2b3264efc22f;;;;
Enhancing Multichain Governance: Upgrading RARI Governance Token on Arbitrum;https://snapshot.box/#/s:arbitrumfoundation.eth/proposal/0x22f9e560d0a4aac46cc1e49ea71858d531226d0750409acdbfd766fa9c5eb1cb;closed;Enhancing Multichain Governance: Upgrading RARI Governance Token on Arbitrum;Enhancing Multichain Governance: Upgrading RARI Governance Token on Arbitrum;https://forum.arbitrum.foundation/t/enhancing-multichain-governance-upgrading-rari-governance-token-on-arbitrum/26096;2032008d-aa79-402e-a4f3-54e0db086e38;;;;
Entropy Advisors: Exclusively Working With Arbitrum DAO;https://snapshot.box/#/s:arbitrumfoundation.eth/proposal/0x3161a3d9486ab7b6099be9fda16d6498f329249c0ad33b0f75090f2ceb557789;closed;Entropy Advisors: Exclusively Working With Arbitrum DAO;Entropy Advisors: Exclusively Working With Arbitrum DAO;https://forum.arbitrum.foundation/t/entropy-advisors-exclusively-working-with-arbitrum-dao/25246;4224208f-d822-44d0-bc71-f273d2c211ac;;;;
Entropy Advisors: Exclusively Working with the Arbitrum DAO, Year 2 and Year 3;https://snapshot.box/#/s:arbitrumfoundation.eth/proposal/0x320cd2a99a0544184c06e1bd305aab1fc226ab0b498e077bc857a07045194f43;closed;Entropy Advisors: Exclusively Working with the Arbitrum DAO, Y2-Y3;Entropy Advisors: Exclusively Working with the Arbitrum DAO, Y2-Y3;https://forum.arbitrum.foundation/t/entropy-advisors-exclusively-working-with-the-arbitrum-dao-y2-y3/29458;68b61ef6-76f1-445f-b00d-ffa84543e077;;;;
Establishing a DAO Events Budget for 2025;https://snapshot.box/#/s:arbitrumfoundation.eth/proposal/0xdfe7bf7e5bc227fc06765f37d9d9ecd1371e637b93b574ae4cc4c1d345cd648f;closed;Establishing a DAO Events Budget for 2025;Establishing a DAO Events Budget for 2025;https://forum.arbitrum.foundation/t/establishing-a-dao-events-budget-for-2025/26734;dbc54f07-158c-4c5f-a603-0980c3c95ad7;;;;
Ethereum Protocol Attackathon Sponsorship;https://snapshot.box/#/s:arbitrumfoundation.eth/proposal/0x29c7eb60e1ed122f81aa5f4caeb5d171b27ae644666ad18aece78ff28d7b9245;closed;Ethereum Protocol Attackathon Sponsorship;Ethereum Protocol Attackathon Sponsorship;https://forum.arbitrum.foundation/t/ethereum-protocol-attackathon-sponsorship/26122;6eb471fe-0dfd-4896-ac56-84911e119975;;;;
Expand Tally Support for the Arbitrum DAO;https://snapshot.box/#/s:arbitrumfoundation.eth/proposal/0x1204041955b729052b9adb4da9e3fa9a03c415ca45aeefd5c41da4d9d45ea851;closed;Expand Tally Support for the Arbitrum DAO;Expand Tally Support for the Arbitrum DAO;https://forum.arbitrum.foundation/t/expand-tally-support-for-the-arbitrum-dao/22387;e8a80636-54ab-4267-afa5-a7d09582e0dd;;;;
[Non-Constitutional]: Arbitrum Stable Treasury Endowment Program;https://snapshot.box/#/s:arbitrumfoundation.eth/proposal/0x5050ef61a4cbff56344ad558c2c880b547fef3b81df607818238ed3031f840b3;closed;Final: Arbitrum Stable Treasury Endowment Program;Final: Arbitrum Stable Treasury Endowment Program;https://forum.arbitrum.foundation/t/final-arbitrum-stable-treasury-endowment-program/20139;b7efb413-f717-42f7-bc0a-7029a6b9c1ad;;;;
AIP: Funds to bootstrap the first BoLD validator - Operational cost sentiment.;https://snapshot.box/#/s:arbitrumfoundation.eth/proposal/0x9a4800da3ebd6792a59f02d70467fc6ae158ec2d3d1d941cf095a54cb7c7f0d5;closed;Funds to bootstrap the first BoLD validator;;;a9880cfd-abf2-42dd-83b8-5b413f62976e;https://forum.arbitrum.foundation/t/aip-bold-permissionless-validation-for-arbitrum/23232;232201b8-fc63-4d1b-8d87-ca3eb3f2f1dd;AIP: BOLD - permissionless validation for Arbitrum;
GovHack at ETH CC (Brussels);https://snapshot.box/#/s:arbitrumfoundation.eth/proposal/0x3ad664cfc7e8340e43608cfad131c1cd4d4f635a465877671766043334d45e6e;closed;GovHack at ETH CC (Brussels);GovHack at ETH CC (Brussels);https://forum.arbitrum.foundation/t/govhack-at-eth-cc-brussels/23305;9bc9202f-4567-49b6-9bf5-814c46cfb707;;;;
GovHack Devcon in Bangkok - Hack Humanity;https://snapshot.box/#/s:arbitrumfoundation.eth/proposal/0x41bc78325225705741c2eaebd9352bde74c2b28867e1a7321ccab0fa8fd5c2b7;closed;GovHack Devcon in Bangkok - Hack Humanity;GovHack Devcon in Bangkok - Hack Humanity;https://forum.arbitrum.foundation/t/govhack-devcon-in-bangkok-hack-humanity/26634;ce0455f5-f7f9-4ef7-9656-fcb23b66f352;;;;
Hackathon Continuation Program;https://snapshot.box/#/s:arbitrumfoundation.eth/proposal/0xf922eb584e616475100222fba40b0d6574ffc113bbb5b92b76e40bb2a91e45dc;closed;Hackathon Continuation Program;Hackathon Continuation Program;https://forum.arbitrum.foundation/t/hackathon-continuation-program/27492;368aed1b-6c46-4fda-85f0-e511557ccae7;;;;
Improving Predictability in Arbitrum DAO’s Operations;https://snapshot.box/#/s:arbitrumfoundation.eth/proposal/0x249a8e8aef5dc59da18b72e7d14ace5197ec6242675ab7f82b3d3f17f71bb13b;closed;Improving Predictability in Arbitrum DAO’s Operations;Improving Predictability in Arbitrum DAO’s Operations;https://forum.arbitrum.foundation/t/improving-predictability-in-arbitrum-dao-s-operations/25136;784e8333-60a4-4a68-9911-70e32730a893;;;;
Pilot for a Questbook Jumpstart fund for problem definition and DAO improvement;https://snapshot.box/#/s:arbitrumfoundation.eth/proposal/0xd096c5d610d4455bcae4bff719d18345939c5d6b20d56c6a1f37d0247ad10f71;closed;Jumpstart fund for DAO improvement;Jumpstart fund for DAO improvement;https://forum.arbitrum.foundation/t/jumpstart-fund-for-dao-improvement/25557;e2b61b23-62f9-4904-856b-411b812d16aa;;;;
Kwenta x Perennial: Arbitrum Onboarding Incentives;https://snapshot.box/#/s:arbitrumfoundation.eth/proposal/0xcb75a551ec2c6ace70e904603e9e9445a7bc9e4255f5c67e150aa2e6f6256c75;closed;Kwenta x Perennial: Arbitrum Onboarding Incentives (UPDATED);Kwenta x Perennial: Arbitrum Onboarding Incentives (UPDATED);https://forum.arbitrum.foundation/t/kwenta-x-perennial-arbitrum-onboarding-incentives-updated/22736;1a55fe98-8f1c-4335-9717-84e38d170f40;;;;
Long-Term Incentives Pilot Program;https://snapshot.box/#/s:arbitrumfoundation.eth/proposal/0x8112be08246466f870d0b91590fe99211f73d15cfdadac62ff3f1e6b2f74869a;closed;Long Term Incentives Pilot Program;Long Term Incentives Pilot Program;https://forum.arbitrum.foundation/t/long-term-incentives-pilot-program/20223;dbd9e717-37fb-435c-a26e-3ef5060838de;;;;
[Non-consitutional] User Research: Why build on Arbitrum?;https://snapshot.box/#/s:arbitrumfoundation.eth/proposal/0x107fc8aecc6054725266830cd9097b7ff71f632c708c5ca39e58c5be88f46f14;closed;[Non-consitutional] User Research: Why do people even build on Arbitrum, anyway?;[Non-consitutional] User Research: Why do people even build on Arbitrum, anyway?;https://forum.arbitrum.foundation/t/non-consitutional-user-research-why-do-people-even-build-on-arbitrum-anyway/27608;a19926f4-e7a3-4a7b-a0c1-9032e007e68d;;;;
Non-Constitutional AIP: Arbitrum Security Enhancement Fund;https://snapshot.box/#/s:arbitrumfoundation.eth/proposal/0xd295aabe7d3072c4397957e329ba164025c81e5844814388188bd2875d51e447;closed;Non-Constitutional AIP: Arbitrum Security Enhancement Fund;Non-Constitutional AIP: Arbitrum Security Enhancement Fund;https://forum.arbitrum.foundation/t/non-constitutional-aip-arbitrum-security-enhancement-fund/19161;1dd49112-56df-417b-98e6-882b6116f534;;;;
Adopt a Delegate Code of Conduct & Formalize Operations;https://snapshot.box/#/s:arbitrumfoundation.eth/proposal/0x2e701a942a8ed6f9ec8302cea866ab08648eeef0d07170814e3a3c3eb4e48415;closed;"[Non-Constitutional] Arbitrum DAO Delegate Code of Conduct + Formalizing the DAO&rsquo;s Operations";"[Non-Constitutional] Arbitrum DAO Delegate Code of Conduct + Formalizing the DAO&rsquo;s Operations";https://forum.arbitrum.foundation/t/non-constitutional-arbitrum-dao-delegate-code-of-conduct-formalizing-the-daos-operations/27188;122ad932-e774-490c-bc35-08302834f554;;;;
ArbitrumDAO Procurement Committee Phase II;https://snapshot.box/#/s:arbitrumfoundation.eth/proposal/0x66812a5c91fe5f590965148c76f1ca609fdc5ded722544673c275a3b2ed94549;closed;[NON-CONSTITUTIONAL] Arbitrum DAO Procurement Committee: Phase II Proposal;;;8a9fa763-d068-42ac-8304-c3e0599e27b2;https://forum.arbitrum.foundation/t/arbitrum-dao-procurement-committee-phase-ii-proposal/26441;d92f722c-f0b2-47c3-976e-8d3f350dcae7;Arbitrum DAO Procurement Committee: Phase II Proposal;
ArbitrumHub Evolution: The Next Step in Streamlining Information Access and Raising Awareness for Arbitrum DAO;https://snapshot.box/#/s:arbitrumfoundation.eth/proposal/0x2af945c5c65a4904e5c3f92be99aef47dc36aacfa2b64c61cf03e7f2a0a45b94;closed;[Non-Constitutional] ArbitrumHub Evolution: The Next Step in Streamlining Information Access and Raising Awareness for Arbitrum DAO;[Non-Constitutional] ArbitrumHub Evolution: The Next Step in Streamlining Information Access and Raising Awareness for Arbitrum DAO;https://forum.arbitrum.foundation/t/non-constitutional-arbitrumhub-evolution-the-next-step-in-streamlining-information-access-and-raising-awareness-for-arbitrum-dao/24857;06b4161a-b995-4fb6-b2f9-be8922525d73;;;;
[NON-CONSTITUTIONAL] Arbitrum Onboarding V2: A Governance Bootcamp;https://snapshot.box/#/s:arbitrumfoundation.eth/proposal/0xb5bbd23c20a480dc46f750112b6cc8f1d1825e40cdd0fc12f4ac3642b18f6740;closed;[NON-CONSTITUTIONAL] Arbitrum Onboarding V2: A Governance Bootcamp;[NON-CONSTITUTIONAL] Arbitrum Onboarding V2: A Governance Bootcamp;https://forum.arbitrum.foundation/t/non-constitutional-arbitrum-onboarding-v2-a-governance-bootcamp/27546;07658eee-210d-4baa-8475-91389f10416a;;;;
(V2) Arbitrum Research & Development Collective;https://snapshot.box/#/s:arbitrumfoundation.eth/proposal/0xc9fc6b61c7e13a4645937937600397e496a3f4703a8f4d00e11c0f641d86ce9f;closed;[NON-CONSTITUTIONAL] - Arbitrum Research and Development Collective [Term 2];[NON-CONSTITUTIONAL] - Arbitrum Research and Development Collective [Term 2];https://forum.arbitrum.foundation/t/non-constitutional-arbitrum-research-and-development-collective-term-2/26922;486725ab-4b3c-4dac-a090-ae1dac684907;;;;
[Non-Constitutional] Arbitrum Token Swap Pilot Program;https://snapshot.box/#/s:arbitrumfoundation.eth/proposal/0xe41fa9b0999dbd9276f7e4474e575883717020128b80dc6bd27b75ba5bd6420c;closed;[Non-Constitutional] Arbitrum Token Swap Pilot Program;[Non-Constitutional] Arbitrum Token Swap Pilot Program;https://forum.arbitrum.foundation/t/non-constitutional-arbitrum-token-swap-pilot-program/27106;0706b4b7-fb5f-46be-9a27-d30aaf08eb0c;;;;
Empowering Early Contributors: The community Arbiter Proposal 2.0;https://snapshot.box/#/s:arbitrumfoundation.eth/proposal/0xf949b8c0629644390752cc09ba1ae641116fdf10733d32c35f8968e3ce79a399;closed;[Non-Constitutional]: Empowering Early Contributors: The community Arbiter Proposal 2.0;[Non-Constitutional]: Empowering Early Contributors: The community Arbiter Proposal 2.0;https://forum.arbitrum.foundation/t/non-constitutional-empowering-early-contributors-the-community-arbiter-proposal-2-0/20404;887c50dd-e4b8-4da5-9377-f13dd8f6ddae;;;;
[Non-Constitutional] Funds to Bolster Foundation’s Strategic Partnerships Budget;https://snapshot.box/#/s:arbitrumfoundation.eth/proposal/0x852b7e7bc83db6c3628695816647bdeb9825d10e445a71dcc94e651b2f8a71b9;closed;[Non-Constitutional] Funds to Bolster Foundation’s Strategic Partnerships Budget;[Non-Constitutional] Funds to Bolster Foundation’s Strategic Partnerships Budget;https://forum.arbitrum.foundation/t/non-constitutional-funds-to-bolster-foundation-s-strategic-partnerships-budget/26775;3468a7eb-11df-4db6-8bfe-a298f56b18d9;;;;
Let’s improve our governance forum with three proposals.app feature integrations;https://snapshot.box/#/s:arbitrumfoundation.eth/proposal/0x38663c36b26252acff6c6ca43663167858f51f960235dc0441bd2ad4a8f66fb1;closed;[Non-Constitutional] Let’s improve our governance forum with three proposals.app feature integrations;[Non-Constitutional] Let’s improve our governance forum with three proposals.app feature integrations;https://forum.arbitrum.foundation/t/non-constitutional-let-s-improve-our-governance-forum-with-three-proposals-app-feature-integrations/29398;93e8d79a-b5ef-4665-befb-b2f2f70808d1;;;;
[NON-CONSTITUTIONAL] Pilot Phase: Arbitrum Ventures Initiative;https://snapshot.box/#/s:arbitrumfoundation.eth/proposal/0x09d16f8726f1f9a85bd6975587947a2cd7ce6bd438750d52866ae36207ac7ded;closed;[Non-Constitutional] Pilot Phase: Arbitrum Venture Initiative;[Non-Constitutional] Pilot Phase: Arbitrum Venture Initiative;https://forum.arbitrum.foundation/t/non-constitutional-pilot-phase-arbitrum-venture-initiative/24247;fc1ffb7c-9b52-4aae-8c08-79c53f6f937d;;;;
Pilot Stage – Treasury Backed Vaults research and development;https://snapshot.box/#/s:arbitrumfoundation.eth/proposal/0xa220a80bf17a91c1c67b2c9de430ba0349c5122413644e1df49d34d19c1413bb;closed;[Non-Constitutional] Pilot Stage: Treasury Backed Vaults research and development;[Non-Constitutional] Pilot Stage: Treasury Backed Vaults research and development;https://forum.arbitrum.foundation/t/non-constitutional-pilot-stage-treasury-backed-vaults-research-and-development/24692;a6034557-17f3-4924-bb9b-19765d039a69;;;;
Proposal for Piloting Enhancements and Strengthening the Sustainability of ArbitrumHub in the Year Ahead;https://snapshot.box/#/s:arbitrumfoundation.eth/proposal/0x959fb55d9887a68d3df6647e55010692777cc40e5c9b131dfdb3eedb8970dc6a;closed;Non-Constitutional: Proposal for Piloting Enhancements and Strengthening the Sustainability of ArbitrumHub in the Year Ahead;Non-Constitutional: Proposal for Piloting Enhancements and Strengthening the Sustainability of ArbitrumHub in the Year Ahead;https://forum.arbitrum.foundation/t/non-constitutional-proposal-for-piloting-enhancements-and-strengthening-the-sustainability-of-arbitrumhub-in-the-year-ahead/28055;b526eec7-4913-4be1-9fe3-6868c692a541;;;;
[Non-constitutional] Proposal to fund Plurality Labs Milestone 1B(ridge);https://snapshot.box/#/s:arbitrumfoundation.eth/proposal/0x24344ab10eb905a4d7fa5885c6f681290e765a08a5f558ff6cfc5fedab42afb6;closed;[Non-constitutional] Proposal to fund Plurality Labs Milestone 1B(ridge);[Non-constitutional] Proposal to fund Plurality Labs Milestone 1B(ridge);https://forum.arbitrum.foundation/t/non-constitutional-proposal-to-fund-plurality-labs-milestone-1b-ridge/21332;1fefe065-b5d2-43a4-bd10-5acbe3e91cd6;;;;
[Non-constitutional] ARB Incentives: User Acquisition for dApps & Protocols;https://snapshot.box/#/s:arbitrumfoundation.eth/proposal/0x7689f957c8cc37e991c7bed0f1d3dd3f6024a921b0bfbae5c897a09ab45c538b;closed;"[Non-constitutional][RFC] ARB Incentives: User Acquisition for dApps &amp; Protocols";"[Non-constitutional][RFC] ARB Incentives: User Acquisition for dApps &amp; Protocols";https://forum.arbitrum.foundation/t/non-constitutional-rfc-arb-incentives-user-acquisition-for-dapps-protocols/28291;9aa842ac-a123-4d87-add3-e131a71af554;;;;
Arbitrum D.A.O. Domain Allocator Offerings) Grant Program  - Season 3;https://snapshot.box/#/s:arbitrumfoundation.eth/proposal/0x052d7e9872192f46bfb4e0a2aabd07035d0842811ca1c82d654307b5d96e2e25;closed;[Non-Constitutional] [RFC] Arbitrum D.A.O. (Domain Allocator Offerings) Grant Program - Season 3;[Non-Constitutional] [RFC] Arbitrum D.A.O. (Domain Allocator Offerings) Grant Program - Season 3;https://forum.arbitrum.foundation/t/non-constitutional-rfc-arbitrum-d-a-o-domain-allocator-offerings-grant-program-season-3/27584;2011a7cd-80f8-4470-8a23-0b9707e1f1f6;;;;
Non-Constitutional: Stable Treasury Endowment Program 2.0;https://snapshot.box/#/s:arbitrumfoundation.eth/proposal/0xcbf1ea37e0665a44f7b880736333984d3e0672e93231df5ab0d2a8a5b844a73d;closed;Non-Constitutional: Stable Treasury Endowment Program 2.0;Non-Constitutional: Stable Treasury Endowment Program 2.0;https://forum.arbitrum.foundation/t/non-constitutional-stable-treasury-endowment-program-2-0/26819;5fa790fc-90b0-4b97-91b0-1ca7aaed9e61;;;;
Subsidy Fund for Security Services;https://snapshot.box/#/s:arbitrumfoundation.eth/proposal/0xd45c0426919353cbce3e7e2a3e7a00c01f9d606bb7ed6c9788db4598f044b16a;closed;[Non-constitutional] Subsidy Fund for Security Services;[Non-constitutional] Subsidy Fund for Security Services;https://forum.arbitrum.foundation/t/non-constitutional-subsidy-fund-for-security-services/22958;5b5c2bee-b959-4950-b07b-c4f4f236d2bf;;;;
Terms of Tenure for STEP program manager;https://snapshot.box/#/s:arbitrumfoundation.eth/proposal/0xd05fe5e629072098183d454fb5084715a19d5b3285af2b87c3dad7b61d614954;closed;**Non-Constitutional: Terms of Tenure for STEP Program Manager**;**Non-Constitutional: Terms of Tenure for STEP Program Manager**;https://forum.arbitrum.foundation/t/non-constitutional-terms-of-tenure-for-step-program-manager/26675;7c0b3397-cc1c-4356-8f70-6ee2bcd6fb2f;;;;
Transparency and Standardized Metrics for Orbit Chains;https://snapshot.box/#/s:arbitrumfoundation.eth/proposal/0xd54c3dd8f27a9baef80c92189e63f06a6cb905e296be0b55dfaa8835a3b75127;closed;[Non-Constitutional] Transparency and Standardized Metrics for Orbit Chains on growthepie.xyz Allowing Data-Driven Decision Making;[Non-Constitutional] Transparency and Standardized Metrics for Orbit Chains on growthepie.xyz Allowing Data-Driven Decision Making;https://forum.arbitrum.foundation/t/non-constitutional-transparency-and-standardized-metrics-for-orbit-chains-on-growthepie-xyz-allowing-data-driven-decision-making/25911;c28cac76-decc-4ab5-961e-2158912c775d;;;;
[Non-Constitutional] Treasury Management v1.2;https://snapshot.box/#/s:arbitrumfoundation.eth/proposal/0x6065f661e3f2a5673284d3d5801dfa0126218c1840215426b576effc19fcc107;closed;[Non-Constitutional] Treasury Management v1.2;[Non-Constitutional] Treasury Management v1.2;https://forum.arbitrum.foundation/t/non-constitutional-treasury-management-v1-2/26967;8700ebe2-ec2c-4fa8-9261-99f9c38b35ea;;;;
OpCo – A DAO-adjacent Entity for Strategy Execution;https://snapshot.box/#/s:arbitrumfoundation.eth/proposal/0x8298874cdf0e0a1849cc02eefd3bc7d94c6868c560774df963318a5edd39a53f;closed;OpCo – A DAO-adjacent Entity for Strategy Execution;OpCo – A DAO-adjacent Entity for Strategy Execution;https://forum.arbitrum.foundation/t/opco-a-dao-adjacent-entity-for-strategy-execution/27361;6c4e2f12-a2f8-4ed4-b0ed-c19cff5c3b3a;;;;
OpCo – Oversight and Transparency Committee (OAT) Elections;https://snapshot.box/#/s:arbitrumfoundation.eth/proposal/0xb422848b0f53f9077444b922d553618e331f9abe7539ae4566ff84364d0fbd3c;closed;OpCo – A DAO-adjacent Entity for Strategy Execution;OpCo – A DAO-adjacent Entity for Strategy Execution;https://forum.arbitrum.foundation/t/opco-a-dao-adjacent-entity-for-strategy-execution/27361;6c4e2f12-a2f8-4ed4-b0ed-c19cff5c3b3a;;;;Tiene una discussion linkada al final que NO ES PROPOSAL, dejamos la proposal
Partner with ETH Bucharest 2025;https://snapshot.box/#/s:arbitrumfoundation.eth/proposal/0x04c5984e2e2b8270a793bfb1bbe35c2c8a360429e2e1a5e72a3917215c51144d;closed;Partner with ETH Bucharest 2025 - Eastern Europe’s Leading Ethereum Conference and Hackathon;Partner with ETH Bucharest 2025 - Eastern Europe’s Leading Ethereum Conference and Hackathon;https://forum.arbitrum.foundation/t/partner-with-eth-bucharest-2025-eastern-europe-s-leading-ethereum-conference-and-hackathon/27606;b35f38ce-cf96-44eb-b428-e45e1281812f;;;;
Pilot Phase: M&A for Arbitrum DAO;https://snapshot.box/#/s:arbitrumfoundation.eth/proposal/0xc82f0b696e51e721a64a89af66654ea9e313ed29f4de0ed23e338418333fd61e;closed;"Pilot Phase: M&amp;A for Arbitrum DAO";"Pilot Phase: M&amp;A for Arbitrum DAO";https://forum.arbitrum.foundation/t/pilot-phase-m-a-for-arbitrum-dao/23588;e59fc4a4-152c-4620-a554-6a319c3a995a;;;;
Accelerating Arbitrum - leveraging Camelot as an ecosystem hub to support native builders;https://snapshot.box/#/s:arbitrumfoundation.eth/proposal/0x6b001068a3aa7f58e0e334a1f717be2145eb4c7b3f3af479cd827020aa2993a6;closed;Proposal: Accelerating Arbitrum - leveraging Camelot as an ecosystem hub to support native builders;Proposal: Accelerating Arbitrum - leveraging Camelot as an ecosystem hub to support native builders;https://forum.arbitrum.foundation/t/proposal-accelerating-arbitrum-leveraging-camelot-as-an-ecosystem-hub-to-support-native-builders/15116;deb12682-102f-40ef-9ec1-e0fd3a9fd36d;;;;
Proposal: Activate ARB Staking;https://snapshot.box/#/s:arbitrumfoundation.eth/proposal/0xf22530295daee96dffd7f70854475c06216a4d3594929672f71c12bf638bb0c8;closed;Proposal: Activate ARB Staking (FINAL);Proposal: Activate ARB Staking (FINAL);https://forum.arbitrum.foundation/t/proposal-activate-arb-staking-final/19068;657759d0-02f7-4ec6-b783-d9f9b3a95c22;;;;
AGV Council Compensation Calibration: Benchmark for Future Council Terms;https://snapshot.box/#/s:arbitrumfoundation.eth/proposal/0xdfdf56e53e2a77968c2c124be9210a5f33cb2261cca00e1d6b04f8bb6dfa626d;closed;"Proposal: AGV Council Compensation Calibration: Benchmark for Next Term &amp; Startup-Phase Bonus";"Proposal: AGV Council Compensation Calibration: Benchmark for Next Term &amp; Startup-Phase Bonus";https://forum.arbitrum.foundation/t/proposal-agv-council-compensation-calibration-benchmark-for-next-term-startup-phase-bonus/29424;82012921-30ba-46a9-8cbd-a85e6852482f;;;;
AGV Council Compensation Calibration: Startup-Phase Bonus for Current Council Members;https://snapshot.box/#/s:arbitrumfoundation.eth/proposal/0x23702e34d0ffdabe6e17315f81daaf4119a36d108326473a6e063a35da5ba281;closed;"Proposal: AGV Council Compensation Calibration: Benchmark for Next Term &amp; Startup-Phase Bonus";"Proposal: AGV Council Compensation Calibration: Benchmark for Next Term &amp; Startup-Phase Bonus";https://forum.arbitrum.foundation/t/proposal-agv-council-compensation-calibration-benchmark-for-next-term-startup-phase-bonus/29424;82012921-30ba-46a9-8cbd-a85e6852482f;;;;
AIP-1.1 - Lockup, Budget, Transparency;https://snapshot.box/#/s:arbitrumfoundation.eth/proposal/0x7203289844e807781e8d2ec110d4b97a79a29944cae06a52dbe315a16381a2ae;closed;Proposal: AIP-1.1 - Lockup, Budget, Transparency;Proposal: AIP-1.1 - Lockup, Budget, Transparency;https://forum.arbitrum.foundation/t/proposal-aip-1-1-lockup-budget-transparency/13360;a406d108-5058-415e-a98d-b7cfd65c5d13;;;;
AIP-1.2 - Foundation and DAO Governance;https://snapshot.box/#/s:arbitrumfoundation.eth/proposal/0x373dfa89fc9c5ccba8ed83fa3fa4f233edd270075b5f8f4f3902b408318d9d17;closed;Proposal: AIP-1.2 - Foundation and DAO Governance;Proposal: AIP-1.2 - Foundation and DAO Governance;https://forum.arbitrum.foundation/t/proposal-aip-1-2-foundation-and-dao-governance/13362;5170c7b2-2495-4657-bf9d-01ecee10f000;;;;
Arbitrum as official sponsor of Ethereum Mexico 2023;https://snapshot.box/#/s:arbitrumfoundation.eth/proposal/0x6fc671517d63e69232fafd581e9461c50150008aa61f5571d2767a150d24779c;closed;Proposal: Arbitrum as official sponsor of Ethereum Mexico 2023;Proposal: Arbitrum as official sponsor of Ethereum Mexico 2023;https://forum.arbitrum.foundation/t/proposal-arbitrum-as-official-sponsor-of-ethereum-mexico-2023/16279;0f70d135-7249-401a-8f65-2bf65bb86cec;;;;
Proposal: Building the Future of NFTs: The Rarible Protocol - Arbitrum Integration Proposal [REVISED];https://snapshot.box/#/s:arbitrumfoundation.eth/proposal/0x66b953a7cf4de9f6de54e6eb87ae291b5cc62f12c7fed68eba91043607883221;closed;Proposal: Building the Future of NFTs: The Rarible Protocol - Arbitrum Integration Proposal [REVISED];Proposal: Building the Future of NFTs: The Rarible Protocol - Arbitrum Integration Proposal [REVISED];https://forum.arbitrum.foundation/t/proposal-building-the-future-of-nfts-the-rarible-protocol-arbitrum-integration-proposal-revised/15615;fa550ff6-92b4-49f2-b8c1-380fcefc41ff;;;;
Proposal: Build Optimal Onboarding for STIP Teams (BOOST);https://snapshot.box/#/s:arbitrumfoundation.eth/proposal/0x921c3d57deb2f3c84918ca3fb57479d38650b979b5902895c5822649ed86b716;closed;Proposal: Build Optimal Onboarding for STIP Teams (BOOST);Proposal: Build Optimal Onboarding for STIP Teams (BOOST);https://forum.arbitrum.foundation/t/proposal-build-optimal-onboarding-for-stip-teams-boost/19114;8644213f-289b-419d-9c0e-0a1c4ff05ff2;;;;
[Non-Constitutional] Arbitrum DAO Delegate Incentive Program;https://snapshot.box/#/s:arbitrumfoundation.eth/proposal/0x1326cb522a74b29fb12d52bb302b245180c2b8f6e1fe8f295c4447bd96a5bacd;closed;Proposal - Delegate Incentive Program (DIP);Proposal - Delegate Incentive Program (DIP);https://forum.arbitrum.foundation/t/proposal-delegate-incentive-program-dip/26496;2fb9d9e2-b0b8-456d-8d3c-3053b62777ce;;;;
Proposal: Empowering Early Contributors: The community Arbiter Proposal;https://snapshot.box/#/s:arbitrumfoundation.eth/proposal/0xa6b2e892cfe033bb400e42ceba6667e8d33a7a326214ba097fc8f16f843a1a54;closed;Proposal: Empowering Early Contributors: The community Arbiter Proposal;Proposal: Empowering Early Contributors: The community Arbiter Proposal;https://forum.arbitrum.foundation/t/proposal-empowering-early-contributors-the-community-arbiter-proposal/18557;d1d0f31c-566f-4594-b91c-e05743ebd8ba;;;;
Proposal: Experimental Incentive System for Active ArbitrumDAO Delegates;https://snapshot.box/#/s:arbitrumfoundation.eth/proposal/0xef3ed3b3735cad375953947437980db576baebbba5a0c209b2cccabcb1c30740;closed;Proposal: Experimental Incentive System for Active ArbitrumDAO Delegates;Proposal: Experimental Incentive System for Active ArbitrumDAO Delegates;https://forum.arbitrum.foundation/t/proposal-experimental-incentive-system-for-active-arbitrumdao-delegates/19467;476f048d-caa6-4760-a5ee-dc05e7f3a22b;;;;
Extend AGV Council Term and Align Future Elections with Operational Cadence;https://snapshot.box/#/s:arbitrumfoundation.eth/proposal/0xd7529f75df21183d0eb9bce0cc828d56e9a100f449857c16177d98db6497cc16;closed;Proposal: Extend AGV Council Term and Align Future Elections with Operational Cadence;Proposal: Extend AGV Council Term and Align Future Elections with Operational Cadence;https://forum.arbitrum.foundation/t/proposal-extend-agv-council-term-and-align-future-elections-with-operational-cadence/29425;a2362c69-20bc-4a84-aed9-c26aeaa58b3c;;;;
Restitution For Extensively Delayed ArbitrumDAO Minigrant Winners;https://snapshot.box/#/s:arbitrumfoundation.eth/proposal/0x76ebc8056e283411cfed5cefad171e245b56fe3bc3d36d702244aab3faae689c;closed;Proposal for Financial Restitution For ArbitrumDAO Grant Winners;Proposal for Financial Restitution For ArbitrumDAO Grant Winners;https://forum.arbitrum.foundation/t/proposal-for-financial-restitution-for-arbitrumdao-grant-winners/27020;86c2d5b5-b996-4f71-b66e-d322619f64ae;;;;
Funding Gas Rebate and Trading Competition Program to Amplify Arbitrum’s Ecosystem Growth;https://snapshot.box/#/s:arbitrumfoundation.eth/proposal/0xe968af3f6b06d386958e513c2285f72f7172aabd2661311a485270bab3b1c7db;closed;Proposal for Funding Gas Rebate and Trading Competition Program to Amplify Arbitrum’s Ecosystem Growth;Proposal for Funding Gas Rebate and Trading Competition Program to Amplify Arbitrum’s Ecosystem Growth;https://forum.arbitrum.foundation/t/proposal-for-funding-gas-rebate-and-trading-competition-program-to-amplify-arbitrum-s-ecosystem-growth/19330;88869b7b-e6f6-46b0-945c-2e7ba3f71ac5;;;;
[Non-consitutional]: Top-up for Hackathon Continuation Program;https://snapshot.box/#/s:arbitrumfoundation.eth/proposal/0xbb7500b713ccf4eff3f2dcb61e3c9d8db5ed5628a4b2f891656a0c0de98907bd;closed;Proposal [Non-consitutional]: Top-up for Hackathon Continuation Program;Proposal [Non-consitutional]: Top-up for Hackathon Continuation Program;https://forum.arbitrum.foundation/t/proposal-non-consitutional-top-up-for-hackathon-continuation-program/29064;29dbda0a-b61b-46ea-8004-a31b11bb2a1f;;;;
Safeguarding Software Developers’ Rights & the Right to Privacy;https://snapshot.box/#/s:arbitrumfoundation.eth/proposal/0xda58687b8ffae1e178caf049302897183e6c657f5227fd4eac6aba7f982442ac;closed;Proposal [Non-Constitutional]: Defending Open Source: A United Stand for Developer Rights and Software Freedom;Proposal [Non-Constitutional]: Defending Open Source: A United Stand for Developer Rights and Software Freedom;https://forum.arbitrum.foundation/t/proposal-non-constitutional-defending-open-source-a-united-stand-for-developer-rights-and-software-freedom/23047;08bc7918-8046-444c-b689-ebea647cb0ee;;;;
Proposal [Non-Constitutional]: Establish the ArbitrumDAO Procurement Committee;https://snapshot.box/#/s:arbitrumfoundation.eth/proposal/0x2a25540406ad1c9f4460979b31cec5fba52637e4aff3bec97ab664a90ea8ed9e;closed;Proposal [Non-Constitutional]: Establish the ArbitrumDAO Procurement Committee;Proposal [Non-Constitutional]: Establish the ArbitrumDAO Procurement Committee;https://forum.arbitrum.foundation/t/proposal-non-constitutional-establish-the-arbitrumdao-procurement-committee/20064;b33055a5-c37c-4e6e-9670-556ae47037fc;;;;
Proposal [Non-Constitutional]: Establish the ‘Arbitrum Research & Development Collective;https://snapshot.box/#/s:arbitrumfoundation.eth/proposal/0xf49d88ec2f4fa7373efc66a7cf9441d916519f48a2d90e7db3ea688357150a44;closed;"Proposal [Non-Constitutional]: Establish the &lsquo;Arbitrum Research &amp; Development Collective&rsquo;";"Proposal [Non-Constitutional]: Establish the &lsquo;Arbitrum Research &amp; Development Collective&rsquo;";https://forum.arbitrum.foundation/t/proposal-non-constitutional-establish-the-arbitrum-research-development-collective/19899;0593649d-0b8c-4724-9ba1-6adda1d38593;;;;
Proposal: [Non-Constitutional] Funding for Into the Dungeons: Machinata - a PvP Digital Miniature Game V2;https://snapshot.box/#/s:arbitrumfoundation.eth/proposal/0x07a26cd6b78a41745aab04190f22e97fdf9432f564651d0c4da0f8d0827888a6;closed;Proposal: [Non-Constitutional] Funding for Into the Dungeons: Machinata - a PvP Digital Miniature Game V2;Proposal: [Non-Constitutional] Funding for Into the Dungeons: Machinata - a PvP Digital Miniature Game V2;https://forum.arbitrum.foundation/t/proposal-non-constitutional-funding-for-into-the-dungeons-machinata-a-pvp-digital-miniature-game-v2/21025;715a6847-ec6f-4a82-800d-fa69dd17086f;;;;
Consolidate Security Proposals into a RFP Process;https://snapshot.box/#/s:arbitrumfoundation.eth/proposal/0x1ac6079871dc4af55b7d67eae130e4c1bbcbabd9bb35405bc1733ef2efe45875;closed;Proposal [Non-Constitutional]: **Procurement Framework [Security Service Providers]**;Proposal [Non-Constitutional]: **Procurement Framework [Security Service Providers]**;https://forum.arbitrum.foundation/t/proposal-non-constitutional-procurement-framework-security-service-providers/19704;2098ff60-ef7d-4841-b3c4-8938e40ddfa6;;;;
Set up a Sub-Committee for the Security Services Subsidy Fund;https://snapshot.box/#/s:arbitrumfoundation.eth/proposal/0x285a0ef00fabce6e1d44b10ffff9fff5a30f62649339cfeded113e23bc58cdf1;closed;Proposal [Non-Constitutional]: Set up a Sub-Committee for the Security Services Subsidy Fund;Proposal [Non-Constitutional]: Set up a Sub-Committee for the Security Services Subsidy Fund;https://forum.arbitrum.foundation/t/proposal-non-constitutional-set-up-a-sub-committee-for-the-security-services-subsidy-fund/23766;910d14a4-c992-437a-8976-04dac42d6f4b;;;;
Procurement Framework | Security : Non-Constitutional Proposal;https://snapshot.box/#/s:arbitrumfoundation.eth/proposal/0x3404df8a6e105dcf8b60cb22f22928aeedd3ffa5d80dc36e4f8fd74d0f5f14cb;closed;[PROPOSAL] - Procurement Framework | Security : Non-Constitutional Proposal (Prev RFP);[PROPOSAL] - Procurement Framework | Security : Non-Constitutional Proposal (Prev RFP);https://forum.arbitrum.foundation/t/proposal-procurement-framework-security-non-constitutional-proposal-prev-rfp/19328;29eef831-d8dd-42d6-a3ef-55ee60ad0d12;;;;
Grant Request - Curve Finance;https://snapshot.box/#/s:arbitrumfoundation.eth/proposal/0xe18e16008e896937d306afee8f95cca2b287a041384e263862db925768a1bfe6;closed;Proposal: Request to match my donation to boostrap Curve Lending on Arbitrum;Proposal: Request to match my donation to boostrap Curve Lending on Arbitrum;https://forum.arbitrum.foundation/t/proposal-request-to-match-my-donation-to-boostrap-curve-lending-on-arbitrum/22975;6cbb16b1-271e-41c3-9d5e-0350030143a5;;;;
AIP 1.05: Return 700M $ARB to the DAO Treasury;https://snapshot.box/#/s:arbitrumfoundation.eth/proposal/0xe8bc33b7849bd1d7984a8d638444e2dd97b0dfa3f5f2c9dff28fcfe0247bdab3;closed;Proposal: Return 700M $ARB to the DAO Treasury;Proposal: Return 700M $ARB to the DAO Treasury;https://forum.arbitrum.foundation/t/proposal-return-700m-arb-to-the-dao-treasury/13490;19111efb-2382-4c58-b19c-9f070a5d428b;;;;
AIP 1.05: Return 700M $ARB to the DAO Treasury [REAL];https://snapshot.box/#/s:arbitrumfoundation.eth/proposal/0x3ae4c725f7cb82d450b6fe8517178b2a0a51d1105beaad0adb421df1bc8f8cc4;closed;Proposal: Return 700M $ARB to the DAO Treasury;Proposal: Return 700M $ARB to the DAO Treasury;https://forum.arbitrum.foundation/t/proposal-return-700m-arb-to-the-dao-treasury/13490;19111efb-2382-4c58-b19c-9f070a5d428b;;;;
Revert the Delegate Incentive Program (DIP) to Version 1.5;https://snapshot.box/#/s:arbitrumfoundation.eth/proposal/0xb1a39a0b7543e03cbb7aca0213448f4fbed4cbf1157fcb1b2458540fb452bc73;closed;Proposal: Revert the Delegate Incentive Program (DIP) to Version 1.5;Proposal: Revert the Delegate Incentive Program (DIP) to Version 1.5;https://forum.arbitrum.foundation/t/proposal-revert-the-delegate-incentive-program-dip-to-version-1-5/29867;558ba170-42ee-46ea-88f6-e0a225e8bac7;;;;
The Arbitrum Coalition;https://snapshot.box/#/s:arbitrumfoundation.eth/proposal/0x42f68a26ff5a5be692a80468a1d1885cf07d590836536f5169cc4b69f64f3f37;closed;Proposal: The Arbitrum Coalition;Proposal: The Arbitrum Coalition;https://forum.arbitrum.foundation/t/proposal-the-arbitrum-coalition/19145;1e59f2ca-6aaa-4075-a973-496eb23023f4;;;;
Time Management in Arbitrum’s Governance;https://snapshot.box/#/s:arbitrumfoundation.eth/proposal/0x5c0cecde14ec0b83c954b47c2d79348ce249019b83894f3938fc80b45e1232da;closed;Proposal: Time Management in Arbitrum’s Governance;Proposal: Time Management in Arbitrum’s Governance;https://forum.arbitrum.foundation/t/proposal-time-management-in-arbitrum-s-governance/15941;1f5dae8b-aeb5-4069-99ba-ccd0d4bd7afc;;;;
Proposal to Backfund Successful STIP Proposals;https://snapshot.box/#/s:arbitrumfoundation.eth/proposal/0xc040de9c6a85dee5ca15de10691165bf5595245ffac922cbef61e45199522345;closed;Proposal to Backfund Successful STIP Proposals (Savvy DAO) [FINAL];Proposal to Backfund Successful STIP Proposals (Savvy DAO) [FINAL];https://forum.arbitrum.foundation/t/proposal-to-backfund-successful-stip-proposals-savvy-dao-final/19046;5dcb102d-c118-42b1-987c-a2f3e5452219;;;;
Proposal to onboard Matrixed.Link as a validator for Arbitrum;https://snapshot.box/#/s:arbitrumfoundation.eth/proposal/0xf34389495435823ac0297d6a5aa832e64cc9a5363ccbf9282351d111843fceea;closed;Proposal to onboard Matrixed.Link as a validator for Arbitrum One;Proposal to onboard Matrixed.Link as a validator for Arbitrum One;https://forum.arbitrum.foundation/t/proposal-to-onboard-matrixed-link-as-a-validator-for-arbitrum-one/15387;480db779-eacc-40f9-93b2-ea1006c1a6ce;;;;
Proposal to Temporary Extend Delegate Incentive System.;https://snapshot.box/#/s:arbitrumfoundation.eth/proposal/0x0e646ace733f4a098ac7036dbadad8465ea65c8e3c485e014501d41b7b439d87;closed;Proposal to Temporary Extend Delegate Incentive System;Proposal to Temporary Extend Delegate Incentive System;https://forum.arbitrum.foundation/t/proposal-to-temporary-extend-delegate-incentive-system/26179;c21e4910-7b8d-45bf-8c76-8fdc213ba73b;;;;
[Non-Constitutional] - Updates to the DIP, The Complete 1.7 Version;https://snapshot.box/#/s:arbitrumfoundation.eth/proposal/0x008f190725018c3db0e6464bf31d44f09a4d7773fd1486dff0c52c27b8aba289;closed;Proposal - Updates to the DIP, The Complete 1.7 Version;Proposal - Updates to the DIP, The Complete 1.7 Version;https://forum.arbitrum.foundation/t/proposal-updates-to-the-dip-the-complete-1-7-version/29635;d084ab5c-4680-4848-b8e0-03a27bdb35cf;;;;
Request for Continuation of the Arbitrum DDA Program Request;https://snapshot.box/#/s:arbitrumfoundation.eth/proposal/0x5bede8277e7fe0beef5764d2915d1d1c288fcc47747c6fa576b501f5cb3d6115;closed;Questbook DDA Program Phase 2 Request for Continuation;Questbook DDA Program Phase 2 Request for Continuation;https://forum.arbitrum.foundation/t/questbook-dda-program-phase-2-request-for-continuation/21326;2ad93b6a-24c8-45f9-ab27-f38e96b9fe63;;;;
Reallocate Redeemed USDM Funds to STEP 2 Budget;https://snapshot.box/#/s:arbitrumfoundation.eth/proposal/0xfd373c58adbb013a05c778b71ccffb19e5bbefb8a100232f67eced33c58e22f7;closed;Reallocate Redeemed USDM Funds to STEP 2 Budget;Reallocate Redeemed USDM Funds to STEP 2 Budget;https://forum.arbitrum.foundation/t/reallocate-redeemed-usdm-funds-to-step-2-budget/29335;68900e2a-c573-4772-b3a4-190bac0d1489;;;;
Request to Increase the Stylus Sprint Committee's Budget;https://snapshot.box/#/s:arbitrumfoundation.eth/proposal/0x45513bb63946582432afa7213bcb2677e877dabbd5722210efd5eaf45797031c;closed;Request to Increase the Stylus Sprint Committee’s Budget;Request to Increase the Stylus Sprint Committee’s Budget;https://forum.arbitrum.foundation/t/request-to-increase-the-stylus-sprint-committee-s-budget/28312;3cf1ec4f-a12f-4fb2-b60d-fe6590c4f7f8;;;;
Research on context and retention;https://snapshot.box/#/s:arbitrumfoundation.eth/proposal/0x23985f3bb58758f0f43c5248085f6b7f1783c8e205604262336d043558aeca0c;closed;Research on context and retention;Research on context and retention;https://forum.arbitrum.foundation/t/research-on-context-and-retention/26807;ece50e3c-1bed-4a88-ac9b-0c1f8ec063bc;;;;
Rewarding Active Delegates (RAD) Program;https://snapshot.box/#/s:arbitrumfoundation.eth/proposal/0xa06500740b56c647f25bd3edba80bf05b00140afe99d6b0d27c0f1dc93287901;closed;Rewarding Active Delegates (RAD) Program;Rewarding Active Delegates (RAD) Program;https://forum.arbitrum.foundation/t/rewarding-active-delegates-rad-program/30249;fec7fc2e-d1e0-44f7-aba7-bd0f0b879e1f;;;;
[Aave DAO] LTIPP Grant Extension Request;https://snapshot.box/#/s:arbitrumfoundation.eth/proposal/0x785e8ed145d34ab4c9fea725cf0ce31267f90bc2ed4423e6e718c5e736e84c06;closed;RFC: Aave DAO LTIPP Grant Extension Request;RFC: Aave DAO LTIPP Grant Extension Request;https://forum.arbitrum.foundation/t/rfc-aave-dao-ltipp-grant-extension-request/26612;8ec7a902-da36-45b0-8546-f692d44f90d8;;;;
ArbitrumDAO Governance Analytics Dashboard;https://snapshot.box/#/s:arbitrumfoundation.eth/proposal/0x573c74706924ce482080ba44deb77d75e8d6bdb516fbbdee54b78861c1683f1b;closed;[RFC] ArbitrumDAO Governance Analytics Dashboard;[RFC] ArbitrumDAO Governance Analytics Dashboard;https://forum.arbitrum.foundation/t/rfc-arbitrumdao-governance-analytics-dashboard/25869;d87e28b8-f884-4350-a5a3-fb71040fb399;;;;
Fund the Stylus Sprint;https://snapshot.box/#/s:arbitrumfoundation.eth/proposal/0xbe03044e4eeddfe838b719cffe234aced53238da1cef7f3e5e8c2a86aadcccb6;closed;[RFC] Fund The Stylus Sprint;[RFC] Fund The Stylus Sprint;https://forum.arbitrum.foundation/t/rfc-fund-the-stylus-sprint/26437;8e6aa3b6-e17a-4d3d-944a-4b6d083f9ffb;;;;
[Non-constitutional] Incentives Detox Proposal;https://snapshot.box/#/s:arbitrumfoundation.eth/proposal/0x99b57df3577e8e6561f3549b057bd87fdb7e66f65a7c45fddf63d9cd62f993d8;closed;[RFC] Incentives Detox Proposal;[RFC] Incentives Detox Proposal;https://forum.arbitrum.foundation/t/rfc-incentives-detox-proposal/25849;f24b70fa-a09a-4f41-a090-a5227e078ad7;;;;
Adjust the Voting Power of the Arbitrum Community Pool & Ratify the Agentic Governance Pivot;https://snapshot.box/#/s:arbitrumfoundation.eth/proposal/0x9ea3f5ef5b6c838ffc24430bb927baa13bf25dcf5f444358e89f0958bb41a5e7;closed;"[RFC] Proposal to Adjust the Voting Power of the Arbitrum Community Pool &amp; Ratifying the Agentic Governance Pivot";"[RFC] Proposal to Adjust the Voting Power of the Arbitrum Community Pool &amp; Ratifying the Agentic Governance Pivot";https://forum.arbitrum.foundation/t/rfc-proposal-to-adjust-the-voting-power-of-the-arbitrum-community-pool-ratifying-the-agentic-governance-pivot/29280;701acb43-5882-4110-92a3-d68f39346452;;;;
[Pyth Network] Arbitrum LTIPP Extension Request;https://snapshot.box/#/s:arbitrumfoundation.eth/proposal/0xb761aeef86e9c7a12a7c7326f28cb10bd0d9d94a83041624dc5d03628c3f5c94;closed;[RFC] Pyth Network Arbitrum LTIPP Extension Request;[RFC] Pyth Network Arbitrum LTIPP Extension Request;https://forum.arbitrum.foundation/t/rfc-pyth-network-arbitrum-ltipp-extension-request/26533;fe37f1fc-826a-4204-bb60-19b9824e99a1;;;;
Synthetix LTIP Grant Extension Request;https://snapshot.box/#/s:arbitrumfoundation.eth/proposal/0x9db0ec7f1e6dbdaaa472eaabad7c69fac93d4453e01ce04f1971a4cbd3655ba4;closed;[RFC] Synthetix LTIP Grant Extension Request;[RFC] Synthetix LTIP Grant Extension Request;https://forum.arbitrum.foundation/t/rfc-synthetix-ltip-grant-extension-request/26524;52117f80-c2ec-4c2a-8705-c3219f4cf2d0;;;;
Should the DAO Create COI & Self Voting Policies?;https://snapshot.box/#/s:arbitrumfoundation.eth/proposal/0xbbec2fbf891d9abb21e8be380f79806519df8294d1d2cdce155d105fd1fed8db;closed;"Should the DAO Create COI &amp; Self Voting Policies?";"Should the DAO Create COI &amp; Self Voting Policies?";https://forum.arbitrum.foundation/t/should-the-dao-create-coi-self-voting-policies/26062;9d7f6b51-eabd-41de-9a85-c15df05d3160;;;;
Should the DAO Default to using Shielded Voting for Snapshot Votes?;https://snapshot.box/#/s:arbitrumfoundation.eth/proposal/0x24188af307bee6ce66d10394d03d501746b343a686d64806ee71954e317ed382;closed;Should the DAO Default to using Shielded Voting for Snapshot Votes?;Should the DAO Default to using Shielded Voting for Snapshot Votes?;https://forum.arbitrum.foundation/t/should-the-dao-default-to-using-shielded-voting-for-snapshot-votes/25884;376033c8-02de-4f94-8ec7-3ae12d291d7a;;;;
STIP-Bridge Operational Budget;https://snapshot.box/#/s:arbitrumfoundation.eth/proposal/0x92b4ac07fbadbb32c30f502880c4dfb1c4882c32d6ae84c2307f9f01dec079c7;closed;STIP-Bridge Operational Budget;STIP-Bridge Operational Budget;https://forum.arbitrum.foundation/t/stip-bridge-operational-budget/26489;6fd6f5f9-6d02-4218-9d32-424cb9f46f24;;;;
Strategic Treasury Management on Arbitrum;https://snapshot.box/#/s:arbitrumfoundation.eth/proposal/0x4aa15fd4e3f8f4b270007186a76c1c79f7d3f8a4ae27f6d528666840d8cd477d;closed;Strategic Treasury Management on Arbitrum;Strategic Treasury Management on Arbitrum;https://forum.arbitrum.foundation/t/strategic-treasury-management-on-arbitrum/25301;650e3d12-8fd9-44a6-adae-3cf10eeacc95;;;;
[Non-Constitutional AIP] Front-end interface to force transaction inclusion during sequencer downtime;https://snapshot.box/#/s:arbitrumfoundation.eth/proposal/0x57acaed2db622fa66de2bd70d3710f48984a5e55449a0bf6e4e661306d20d148;closed;Tally: Front-end interface to force transaction inclusion during sequencer downtime;Tally: Front-end interface to force transaction inclusion during sequencer downtime;https://forum.arbitrum.foundation/t/tally-front-end-interface-to-force-transaction-inclusion-during-sequencer-downtime/21247;3bb5052d-c3ef-4193-a196-254cba9012cf;;;;
Change Arbitrum Expansion Program to allow deployments of new Orbit chains on any blockchain;https://snapshot.box/#/s:arbitrumfoundation.eth/proposal/0xd6138aaca39742a1a56f3219a74a4258e0786aa5494cdfbe752f23277c1b947f;closed;Temperature Check: Change Arbitrum Expansion Program to allow deployments of new Orbit chains on any blockchain;Temperature Check: Change Arbitrum Expansion Program to allow deployments of new Orbit chains on any blockchain;https://forum.arbitrum.foundation/t/temperature-check-change-arbitrum-expansion-program-to-allow-deployments-of-new-orbit-chains-on-any-blockchain/23280;335f60f0-1ac1-4bd5-97a7-92911994019f;;;;
The DAO Incentive Program (DIP 2.0);https://snapshot.box/#/s:arbitrumfoundation.eth/proposal/0x44dedacbdae958904427db9ee93065917f57f50b71b4e87a94a318de18df399b;closed;The DAO Incentive Program (DIP 2.0);The DAO Incentive Program (DIP 2.0);https://forum.arbitrum.foundation/t/the-dao-incentive-program-dip-2-0/30080;0aa883bd-539b-4d80-b9a8-59cab824ca4f;;;;
The Watchdog: Arbitrum DAO's Grant Misuse Bounty Program;https://snapshot.box/#/s:arbitrumfoundation.eth/proposal/0x2bc8e69eb65f3b2127072242ca317f51578db014019e22e8b370254e0566a4cf;closed;"The Watchdog: Arbitrum DAO&rsquo;s Grant Misuse Bounty Program";"The Watchdog: Arbitrum DAO&rsquo;s Grant Misuse Bounty Program";https://forum.arbitrum.foundation/t/the-watchdog-arbitrum-daos-grant-misuse-bounty-program/27978;8b312cb1-622d-4b42-836e-64da66fe78ca;;;;
Timeline Extension for STIP and Backfund Grantees;https://snapshot.box/#/s:arbitrumfoundation.eth/proposal/0x1a0a7bee0c5b13a690275031c44d8b5efe78b86d86f6d2357299020e7a907d57;closed;Timeline Extension for STIP and Backfund Grantees;Timeline Extension for STIP and Backfund Grantees;https://forum.arbitrum.foundation/t/timeline-extension-for-stip-and-backfund-grantees/19819;314ed089-4ffd-4e39-930d-39db6d2f8850;;;;
Transfer 8,500 ETH from the Treasury to ATMC’s ETH Treasury Strategies;https://snapshot.box/#/s:arbitrumfoundation.eth/proposal/0x15d7bef4adb076e13fbbc0941543eb93cff9512e2c83ada0498ef1df290c67a5;closed;Transfer 8,500 ETH from the Treasury to ATMC’s ETH Treasury Strategies;Transfer 8,500 ETH from the Treasury to ATMC’s ETH Treasury Strategies;https://forum.arbitrum.foundation/t/transfer-8-500-eth-from-the-treasury-to-atmc-s-eth-treasury-strategies/29983;30b2f80e-459c-407b-9869-9cf5b1c7ba74;;;;
Unifying Arbitrum’s Mission, Vision, Purpose (MVP);https://snapshot.box/#/s:arbitrumfoundation.eth/proposal/0xf5fdce242b85134153397754d25a43a49611a3e8a1c73b2e11a67e864c56e022;closed;Unifying Arbitrum’s Mission, Vision, Purpose (MVP);Unifying Arbitrum’s Mission, Vision, Purpose (MVP);https://forum.arbitrum.foundation/t/unifying-arbitrum-s-mission-vision-purpose-mvp/27275;ea61eb25-9eac-405b-a9f6-c021c6e47f5e;;;;
Updating the Code of Conduct & DAO’s Procedures;https://snapshot.box/#/s:arbitrumfoundation.eth/proposal/0xd3d164905fee7dfd8516db6150a97f7f91cf6f9377f614fa6a82333c4fb20546;closed;"Updating the Code of Conduct &amp; DAO&rsquo;s Procedures";"Updating the Code of Conduct &amp; DAO&rsquo;s Procedures";https://forum.arbitrum.foundation/t/updating-the-code-of-conduct-daos-procedures/29594;f00fcce0-cf32-49e1-82c7-dee02a2e3c68;;;;
Updating the OpCo Foundation’s Operational Capability;https://snapshot.box/#/s:arbitrumfoundation.eth/proposal/0x65b2b835f03bc18aa401b88702145e6b7686e8d7ddddfd956837251f8a7a7da1;closed;Updating the OpCo Foundation’s Operational Capability;Updating the OpCo Foundation’s Operational Capability;https://forum.arbitrum.foundation/t/updating-the-opco-foundation-s-operational-capability/29388;3d885f2c-f065-4936-b259-fa8eefe2f623;;;;
Wind Down the MSS + Transfer Payment Responsibilities to the Arbitrum Foundation;https://snapshot.box/#/s:arbitrumfoundation.eth/proposal/0x1de2707ab4cf792721544a8f82eee98535c16ce437ba2ac95a78c85c20b6d8b0;closed;Wind Down the MSS + Transfer Payment Responsibilities to the Arbitrum Foundation;Wind Down the MSS + Transfer Payment Responsibilities to the Arbitrum Foundation;https://forum.arbitrum.foundation/t/wind-down-the-mss-transfer-payment-responsibilities-to-the-arbitrum-foundation/29279;bdb4da76-667b-452d-b2ce-8a924cacb1ed;;;;
